{"schemaVersion":33,"addons":[{"id":"doh-rollout@mozilla.org","syncGUID":"{15b99251-6607-476c-9741-d79d10851d89}","version":"2.0.0","type":"extension","loader":null,"updateURL":null,"optionsURL":null,"optionsType":null,"optionsBrowserStyle":true,"aboutURL":null,"defaultLocale":{"name":"DoH Roll-Out","description":"This used to be a Mozilla add-on that supported the roll-out of DoH, but now only exists as a stub to enable migrations.","creator":null,"developers":null,"translators":null,"contributors":null},"visible":true,"active":true,"userDisabled":false,"appDisabled":false,"embedderDisabled":false,"installDate":1616479055000,"updateDate":1616479055000,"applyBackgroundUpdates":1,"path":"/usr/lib/firefox/browser/features/doh-rollout@mozilla.org.xpi","skinnable":false,"sourceURI":null,"releaseNotesURI":null,"softDisabled":false,"foreignInstall":false,"strictCompatibility":true,"locales":[],"targetApplications":[{"id":"toolkit@mozilla.org","minVersion":"72.0a1","maxVersion":null}],"targetPlatforms":[],"signedDate":null,"seen":true,"dependencies":[],"incognito":"spanning","userPermissions":{"permissions":[],"origins":[]},"optionalPermissions":{"permissions":[],"origins":[]},"icons":{},"iconURL":null,"blocklistState":0,"blocklistURL":null,"startupData":null,"hidden":true,"installTelemetryInfo":null,"recommendationState":null,"rootURI":"jar:file:///usr/lib/firefox/browser/features/doh-rollout@mozilla.org.xpi!/","location":"app-system-defaults"},{"id":"formautofill@mozilla.org","syncGUID":"{c8b7f0c0-ec36-46b8-ae72-947408b5664f}","version":"1.0","type":"extension","loader":null,"updateURL":null,"optionsURL":null,"optionsType":null,"optionsBrowserStyle":true,"aboutURL":null,"defaultLocale":{"name":"Form Autofill","creator":null,"developers":null,"translators":null,"contributors":null},"visible":true,"active":true,"userDisabled":false,"appDisabled":false,"embedderDisabled":false,"installDate":1616479055000,"updateDate":1616479055000,"applyBackgroundUpdates":1,"path":"/usr/lib/firefox/browser/features/formautofill@mozilla.org.xpi","skinnable":false,"sourceURI":null,"releaseNotesURI":null,"softDisabled":false,"foreignInstall":false,"strictCompatibility":true,"locales":[],"targetApplications":[{"id":"toolkit@mozilla.org","minVersion":null,"maxVersion":null}],"targetPlatforms":[],"signedDate":null,"seen":true,"dependencies":[],"incognito":"spanning","userPermissions":{"permissions":[],"origins":[]},"optionalPermissions":{"permissions":[],"origins":[]},"icons":{},"iconURL":null,"blocklistState":0,"blocklistURL":null,"startupData":null,"hidden":true,"installTelemetryInfo":null,"recommendationState":null,"rootURI":"jar:file:///usr/lib/firefox/browser/features/formautofill@mozilla.org.xpi!/","location":"app-system-defaults"},{"id":"screenshots@mozilla.org","syncGUID":"{a2855140-c6cd-42b0-b289-104b7db4d1f3}","version":"39.0.0","type":"extension","loader":null,"updateURL":null,"optionsURL":null,"optionsType":null,"optionsBrowserStyle":true,"aboutURL":null,"defaultLocale":{"name":"Firefox Screenshots","description":"Take clips and screenshots from the Web and save them temporarily or permanently.","creator":"Mozilla <screenshots-feedback@mozilla.com>","homepageURL":"https://github.com/mozilla-services/screenshots","developers":null,"translators":null,"contributors":null},"visible":true,"active":true,"userDisabled":false,"appDisabled":false,"embedderDisabled":false,"installDate":1616479055000,"updateDate":1616479055000,"applyBackgroundUpdates":1,"path":"/usr/lib/firefox/browser/features/screenshots@mozilla.org.xpi","skinnable":false,"sourceURI":null,"releaseNotesURI":null,"softDisabled":false,"foreignInstall":false,"strictCompatibility":true,"locales":[],"targetApplications":[{"id":"toolkit@mozilla.org","minVersion":"57.0a1","maxVersion":null}],"targetPlatforms":[],"signedDate":null,"seen":true,"dependencies":[],"incognito":"spanning","userPermissions":{"permissions":["activeTab","downloads","tabs","storage","notifications","clipboardWrite","contextMenus"],"origins":["<all_urls>","https://screenshots.firefox.com/","https://screenshots.firefox.com/*"]},"optionalPermissions":{"permissions":[],"origins":[]},"icons":{"32":"icons/icon-v2.svg"},"iconURL":null,"blocklistState":0,"blocklistURL":null,"startupData":null,"hidden":true,"installTelemetryInfo":null,"recommendationState":null,"rootURI":"jar:file:///usr/lib/firefox/browser/features/screenshots@mozilla.org.xpi!/","location":"app-system-defaults"},{"id":"webcompat-reporter@mozilla.org","syncGUID":"{af3d13fa-d92f-44d2-86b2-8a6b21c44dda}","version":"1.4.0","type":"extension","loader":null,"updateURL":null,"optionsURL":null,"optionsType":null,"optionsBrowserStyle":true,"aboutURL":null,"defaultLocale":{"name":"WebCompat Reporter","description":"Report site compatibility issues on webcompat.com","creator":"Thomas Wisniewski <twisniewski@mozilla.com>","homepageURL":"https://github.com/mozilla/webcompat-reporter","developers":null,"translators":null,"contributors":null},"visible":true,"active":false,"userDisabled":true,"appDisabled":false,"embedderDisabled":false,"installDate":1616479055000,"updateDate":1616479055000,"applyBackgroundUpdates":1,"path":"/usr/lib/firefox/browser/features/webcompat-reporter@mozilla.org.xpi","skinnable":false,"sourceURI":null,"releaseNotesURI":null,"softDisabled":false,"foreignInstall":false,"strictCompatibility":true,"locales":[],"targetApplications":[{"id":"toolkit@mozilla.org","minVersion":null,"maxVersion":null}],"targetPlatforms":[],"signedDate":null,"seen":true,"dependencies":[],"incognito":"spanning","userPermissions":{"permissions":["tabs"],"origins":["<all_urls>"]},"optionalPermissions":{"permissions":[],"origins":[]},"icons":{"16":"icons/lightbulb.svg","32":"icons/lightbulb.svg","48":"icons/lightbulb.svg","96":"icons/lightbulb.svg","128":"icons/lightbulb.svg"},"iconURL":null,"blocklistState":0,"blocklistURL":null,"startupData":null,"hidden":true,"installTelemetryInfo":null,"recommendationState":null,"rootURI":"jar:file:///usr/lib/firefox/browser/features/webcompat-reporter@mozilla.org.xpi!/","location":"app-system-defaults"},{"id":"webcompat@mozilla.org","syncGUID":"{61fac101-d315-477c-b3b1-a3edea251ef9}","version":"20.1.0","type":"extension","loader":null,"updateURL":null,"optionsURL":null,"optionsType":null,"optionsBrowserStyle":true,"aboutURL":null,"defaultLocale":{"name":"Web Compatibility Interventions","description":"Urgent post-release fixes for web compatibility.","creator":null,"developers":null,"translators":null,"contributors":null},"visible":true,"active":true,"userDisabled":false,"appDisabled":false,"embedderDisabled":false,"installDate":1616479055000,"updateDate":1616479055000,"applyBackgroundUpdates":1,"path":"/usr/lib/firefox/browser/features/webcompat@mozilla.org.xpi","skinnable":false,"sourceURI":null,"releaseNotesURI":null,"softDisabled":false,"foreignInstall":false,"strictCompatibility":true,"locales":[],"targetApplications":[{"id":"toolkit@mozilla.org","minVersion":"59.0b5","maxVersion":null}],"targetPlatforms":[],"signedDate":null,"seen":true,"dependencies":[],"incognito":"spanning","userPermissions":{"permissions":["tabs","webNavigation","webRequest","webRequestBlocking"],"origins":["<all_urls>"]},"optionalPermissions":{"permissions":[],"origins":[]},"icons":{},"iconURL":null,"blocklistState":0,"blocklistURL":null,"startupData":null,"hidden":true,"installTelemetryInfo":null,"recommendationState":null,"rootURI":"jar:file:///usr/lib/firefox/browser/features/webcompat@mozilla.org.xpi!/","location":"app-system-defaults"},{"id":"default-theme@mozilla.org","syncGUID":"{746618bd-2866-4b4e-8783-37694371287c}","version":"1.1","type":"theme","loader":null,"updateURL":null,"optionsURL":null,"optionsType":null,"optionsBrowserStyle":true,"aboutURL":null,"defaultLocale":{"name":"Default","description":"A theme with the operating system color scheme.","creator":"Mozilla","developers":null,"translators":null,"contributors":null},"visible":true,"active":true,"userDisabled":false,"appDisabled":false,"embedderDisabled":false,"installDate":1645055136107,"applyBackgroundUpdates":1,"path":null,"skinnable":false,"sourceURI":null,"releaseNotesURI":null,"softDisabled":false,"foreignInstall":false,"strictCompatibility":true,"locales":[],"targetApplications":[{"id":"toolkit@mozilla.org","minVersion":null,"maxVersion":null}],"targetPlatforms":[],"signedDate":null,"seen":true,"dependencies":[],"userPermissions":null,"optionalPermissions":null,"icons":{"32":"icon.svg"},"iconURL":null,"blocklistState":0,"blocklistURL":null,"startupData":null,"hidden":false,"installTelemetryInfo":null,"recommendationState":null,"rootURI":"resource://default-theme/","location":"app-builtin"},{"id":"firefox-compact-light@mozilla.org","syncGUID":"{34a931c5-6de0-4a8c-94c7-4931134f6c51}","version":"1.1","type":"theme","loader":null,"updateURL":null,"optionsURL":null,"optionsType":null,"optionsBrowserStyle":true,"aboutURL":null,"defaultLocale":{"name":"Light","description":"A theme with a light color scheme.","creator":"Mozilla","developers":null,"translators":null,"contributors":null},"visible":true,"active":false,"userDisabled":true,"appDisabled":false,"embedderDisabled":false,"installDate":1645055136142,"applyBackgroundUpdates":1,"path":null,"skinnable":false,"sourceURI":null,"releaseNotesURI":null,"softDisabled":false,"foreignInstall":false,"strictCompatibility":true,"locales":[],"targetApplications":[{"id":"toolkit@mozilla.org","minVersion":null,"maxVersion":null}],"targetPlatforms":[],"signedDate":null,"seen":true,"dependencies":[],"userPermissions":null,"optionalPermissions":null,"icons":{"32":"icon.svg"},"iconURL":null,"blocklistState":0,"blocklistURL":null,"startupData":null,"hidden":false,"installTelemetryInfo":null,"recommendationState":null,"rootURI":"resource://builtin-themes/light/","location":"app-builtin"},{"id":"firefox-compact-dark@mozilla.org","syncGUID":"{eb123c23-cf2c-49b9-97de-658c6ae119bc}","version":"1.1","type":"theme","loader":null,"updateURL":null,"optionsURL":null,"optionsType":null,"optionsBrowserStyle":true,"aboutURL":null,"defaultLocale":{"name":"Dark","description":"A theme with a dark color scheme.","creator":"Mozilla","developers":null,"translators":null,"contributors":null},"visible":true,"active":false,"userDisabled":true,"appDisabled":false,"embedderDisabled":false,"installDate":1645055136143,"applyBackgroundUpdates":1,"path":null,"skinnable":false,"sourceURI":null,"releaseNotesURI":null,"softDisabled":false,"foreignInstall":false,"strictCompatibility":true,"locales":[],"targetApplications":[{"id":"toolkit@mozilla.org","minVersion":null,"maxVersion":null}],"targetPlatforms":[],"signedDate":null,"seen":true,"dependencies":[],"userPermissions":null,"optionalPermissions":null,"icons":{"32":"icon.svg"},"iconURL":null,"blocklistState":0,"blocklistURL":null,"startupData":null,"hidden":false,"installTelemetryInfo":null,"recommendationState":null,"rootURI":"resource://builtin-themes/dark/","location":"app-builtin"},{"id":"firefox-alpenglow@mozilla.org","syncGUID":"{7eb78b69-6dab-4866-b6be-c0d0d6baa387}","version":"1.2","type":"theme","loader":null,"updateURL":null,"optionsURL":null,"optionsType":null,"optionsBrowserStyle":true,"aboutURL":null,"defaultLocale":{"name":"Firefox Alpenglow","description":"Use a colorful appearance for buttons, menus, and windows.","creator":null,"developers":null,"translators":null,"contributors":null},"visible":true,"active":false,"userDisabled":true,"appDisabled":false,"embedderDisabled":false,"installDate":1645055136144,"applyBackgroundUpdates":1,"path":null,"skinnable":false,"sourceURI":null,"releaseNotesURI":null,"softDisabled":false,"foreignInstall":false,"strictCompatibility":true,"locales":[],"targetApplications":[{"id":"toolkit@mozilla.org","minVersion":null,"maxVersion":null}],"targetPlatforms":[],"signedDate":null,"seen":true,"dependencies":[],"userPermissions":null,"optionalPermissions":null,"icons":{"32":"icon.svg"},"iconURL":null,"blocklistState":0,"blocklistURL":null,"startupData":null,"hidden":false,"installTelemetryInfo":null,"recommendationState":null,"rootURI":"resource://builtin-themes/alpenglow/","location":"app-builtin"},{"id":"google@search.mozilla.org","syncGUID":"{729305e6-16b6-4fb1-8189-5c9d2088ff07}","version":"1.1","type":"extension","loader":null,"updateURL":null,"optionsURL":null,"optionsType":null,"optionsBrowserStyle":true,"aboutURL":null,"defaultLocale":{"name":"Google","description":"Google Search","creator":null,"developers":null,"translators":null,"contributors":null},"visible":true,"active":true,"userDisabled":false,"appDisabled":false,"embedderDisabled":false,"installDate":1645055138372,"applyBackgroundUpdates":1,"path":null,"skinnable":false,"sourceURI":null,"releaseNotesURI":null,"softDisabled":false,"foreignInstall":false,"strictCompatibility":true,"locales":[{"name":"Google","description":"Google Search","creator":null,"developers":null,"translators":null,"contributors":null,"locales":["en"]},{"name":"Google","description":"Google Search","creator":null,"developers":null,"translators":null,"contributors":null,"locales":["b-1-d"]},{"name":"Google","description":"Google Search","creator":null,"developers":null,"translators":null,"contributors":null,"locales":["b-1-e"]},{"name":"Google","description":"Google Search","creator":null,"developers":null,"translators":null,"contributors":null,"locales":["b-d"]},{"name":"Google","description":"Google Search","creator":null,"developers":null,"translators":null,"contributors":null,"locales":["b-e"]}],"targetApplications":[{"id":"toolkit@mozilla.org","minVersion":null,"maxVersion":null}],"targetPlatforms":[],"signedDate":null,"seen":true,"dependencies":[],"incognito":"spanning","userPermissions":{"permissions":[],"origins":[]},"optionalPermissions":{"permissions":[],"origins":[]},"icons":{"16":"favicon.ico"},"iconURL":null,"blocklistState":0,"blocklistURL":null,"startupData":null,"hidden":true,"installTelemetryInfo":null,"recommendationState":null,"rootURI":"resource://search-extensions/google/","location":"app-builtin"},{"id":"wikipedia@search.mozilla.org","syncGUID":"{cea63ddc-980b-418a-8db7-fed690f29e6d}","version":"1.1","type":"extension","loader":null,"updateURL":null,"optionsURL":null,"optionsType":null,"optionsBrowserStyle":true,"aboutURL":null,"defaultLocale":{"name":"Wikipedia (en)","description":"Wikipedia, the Free Encyclopedia","creator":null,"developers":null,"translators":null,"contributors":null},"visible":true,"active":true,"userDisabled":false,"appDisabled":false,"embedderDisabled":false,"installDate":1645055139063,"applyBackgroundUpdates":1,"path":null,"skinnable":false,"sourceURI":null,"releaseNotesURI":null,"softDisabled":false,"foreignInstall":false,"strictCompatibility":true,"locales":[{"name":"Wikipedia (en)","description":"Wikipedia, the Free Encyclopedia","creator":null,"developers":null,"translators":null,"contributors":null,"locales":["en"]},{"name":"Wikipedija (hr)","description":"Wikipedija, slobodna enciklopedija","creator":null,"developers":null,"translators":null,"contributors":null,"locales":["hr"]},{"name":"Wikipedia (fi)","description":"Wikipedia (fi), vapaa tietosanakirja","creator":null,"developers":null,"translators":null,"contributors":null,"locales":["fi"]},{"name":"Wikipedia (hy)","description":"Վիքիփեդիա՝ ազատ հանրագիտարան","creator":null,"developers":null,"translators":null,"contributors":null,"locales":["hy"]},{"name":"Уикипедия (kk)","description":"Уикипедия (kk)","creator":null,"developers":null,"translators":null,"contributors":null,"locales":["kk"]},{"name":"Вікіпедыя (be)","description":"Вікіпедыя, свабодная энцыклапедыя","creator":null,"developers":null,"translators":null,"contributors":null,"locales":["be"]},{"name":"위키백과 (ko)","description":"Wikipedia, the free encyclopedia","creator":null,"developers":null,"translators":null,"contributors":null,"locales":["kr"]},{"name":"Wikipedia (ro)","description":"Wikipedia, enciclopedia liberă","creator":null,"developers":null,"translators":null,"contributors":null,"locales":["ro"]},{"name":"Wikipedia (bs)","description":"Slobodna enciklopedija","creator":null,"developers":null,"translators":null,"contributors":null,"locales":["bs"]},{"name":"Wikipedia (pt)","description":"Wikipédia, a enciclopédia livre","creator":null,"developers":null,"translators":null,"contributors":null,"locales":["pt"]},{"name":"Vikipetã (gn)","description":"Vikipetã, opaite tembikuaa hekosãsóva renda","creator":null,"developers":null,"translators":null,"contributors":null,"locales":["gn"]},{"name":"વિકિપીડિયા (gu)","description":"વીકીપીડિયા, મુક્ત એનસાયક્લોપીડિયા","creator":null,"developers":null,"translators":null,"contributors":null,"locales":["gu"]},{"name":"Wikipedia (el)","description":"Βικιπαίδεια, η ελεύθερη εγκυκλοπαίδεια","creator":null,"developers":null,"translators":null,"contributors":null,"locales":["el"]},{"name":"Wikipedia (es)","description":"Wikipedia, la enciclopedia libre","creator":null,"developers":null,"translators":null,"contributors":null,"locales":["es"]},{"name":"ויקיפדיה","description":"ויקיפדיה","creator":null,"developers":null,"translators":null,"contributors":null,"locales":["he"]},{"name":"Wikipedia (da)","description":"Wikipedia, den frie encyklopædi","creator":null,"developers":null,"translators":null,"contributors":null,"locales":["da"]},{"name":"Wikipedia (tr)","description":"Vikipedi, özgür ansiklopedi","creator":null,"developers":null,"translators":null,"contributors":null,"locales":["tr"]},{"name":"Wikipedija (hsb)","description":"Wikipedija, swobodna encyklopedija","creator":null,"developers":null,"translators":null,"contributors":null,"locales":["hsb"]},{"name":"Wikipedy (fy)","description":"De fergese ensyklopedy","creator":null,"developers":null,"translators":null,"contributors":null,"locales":["fy-NL"]},{"name":"विकिपीडिया (ne)","description":"विकिपिडिया एक स्वतन्त्र विश्वकोष","creator":null,"developers":null,"translators":null,"contributors":null,"locales":["ne"]},{"name":"Wikipedia (nl)","description":"De vrije encyclopedie","creator":null,"developers":null,"translators":null,"contributors":null,"locales":["nl"]},{"name":"Wikipedia (ja)","description":"Wikipedia - フリー百科事典","creator":null,"developers":null,"translators":null,"contributors":null,"locales":["ja"]},{"name":"Vikipeedia (et)","description":"Vikipeedia, vaba entsüklopeedia","creator":null,"developers":null,"translators":null,"contributors":null,"locales":["et"]},{"name":"Wikipèdia (oc)","description":"Wikipèdia, l'enciclopèdia liura","creator":null,"developers":null,"translators":null,"contributors":null,"locales":["oc"]},{"name":"Wicipedia (cy)","description":"Wicipedia, Y Gwyddioniadur Rhydd","creator":null,"developers":null,"translators":null,"contributors":null,"locales":["cy"]},{"name":"వికీపీడియా (te)","description":"వికీపీడియా (te)","creator":null,"developers":null,"translators":null,"contributors":null,"locales":["te"]},{"name":"Wikipédia (fr)","description":"Wikipédia, l'encyclopédie libre","creator":null,"developers":null,"translators":null,"contributors":null,"locales":["fr"]},{"name":"Wikipedia (tl)","description":"Wikipedia, ang malayang ensiklopedya","creator":null,"developers":null,"translators":null,"contributors":null,"locales":["tl"]},{"name":"维基百科","description":"维基百科，自由的百科全书","creator":null,"developers":null,"translators":null,"contributors":null,"locales":["zh-CN"]},{"name":"Wikipedia (lij)","description":"Wikipedia, l'enciclopedia libera","creator":null,"developers":null,"translators":null,"contributors":null,"locales":["lij"]},{"name":"វីគីភីឌា (km)","description":"វីគីភីឌា សព្វ​វចនា​ធិប្បាយ​សេរី","creator":null,"developers":null,"translators":null,"contributors":null,"locales":["km"]},{"name":"Уикипедия (bg)","description":"Уикипедия, свободната енциклоподия","creator":null,"developers":null,"translators":null,"contributors":null,"locales":["bg"]},{"name":"Wikipedia (id)","description":"Wikipedia, ensiklopedia bebas","creator":null,"developers":null,"translators":null,"contributors":null,"locales":["id"]},{"name":"Wikipedia (pa)","description":"ਵਿਕਿਪੀਡਿਆ, ਮੁਫ਼ਤ/ਮੁਕਤ ਸ਼ਬਦਕੋਸ਼","creator":null,"developers":null,"translators":null,"contributors":null,"locales":["pa"]},{"name":"উইকিপিডিয়া (bn)","description":"উইকিপিডিয়া, মুক্ত বিশ্বকোষ","creator":null,"developers":null,"translators":null,"contributors":null,"locales":["bn"]},{"name":"Wikipedia (eu)","description":"Wikipedia, entziklopedia askea","creator":null,"developers":null,"translators":null,"contributors":null,"locales":["eu"]},{"name":"Wikipedie (cs)","description":"Wikipedia, svobodná encyclopedie","creator":null,"developers":null,"translators":null,"contributors":null,"locales":["cz"]},{"name":"Wikipédia (hu)","description":"Wikipedia, a szabad enciklopédia","creator":null,"developers":null,"translators":null,"contributors":null,"locales":["hu"]},{"name":"Wikipedia (kn)","description":"Wikipedia, the free encyclopedia","creator":null,"developers":null,"translators":null,"contributors":null,"locales":["kn"]},{"name":"Wikipedia (is)","description":"Wikipedia, the free encyclopedia","creator":null,"developers":null,"translators":null,"contributors":null,"locales":["is"]},{"name":"Вікіпедія (uk)","description":"Вікіпедія, вільна енциклопедія","creator":null,"developers":null,"translators":null,"contributors":null,"locales":["uk"]},{"name":"Wikipedia (kab)","description":"Wikipedia, tasanayt tilellit","creator":null,"developers":null,"translators":null,"contributors":null,"locales":["kab"]},{"name":"Wikipedia (zh)","description":"維基百科，自由的百科全書","creator":null,"developers":null,"translators":null,"contributors":null,"locales":["zh-TW"]},{"name":"ویکیپیڈیا (ur)","description":"ویکیپیڈیا آزاد دائرۃ المعارف","creator":null,"developers":null,"translators":null,"contributors":null,"locales":["ur"]},{"name":"Vikipedio (eo)","description":"Vikipedio, la libera enciklopedio","creator":null,"developers":null,"translators":null,"contributors":null,"locales":["eo"]},{"name":"Wikipedia (si)","description":"Wikipedia, the free encyclopedia","creator":null,"developers":null,"translators":null,"contributors":null,"locales":["si"]},{"name":"ويكيبيديا (ar)","description":"ويكيبيديا (ar)","creator":null,"developers":null,"translators":null,"contributors":null,"locales":["ar"]},{"name":"Wikipedia (vi)","description":"Wikipedia, bách khoa toàn thư mở","creator":null,"developers":null,"translators":null,"contributors":null,"locales":["vi"]},{"name":"ვიკიპედია (ka)","description":"ვიკიპედია, თავისუფალი ენციკლოპედია","creator":null,"developers":null,"translators":null,"contributors":null,"locales":["ka"]},{"name":"Uicipeid (gd)","description":"Wikipedia, An leabhar mòr-eòlais","creator":null,"developers":null,"translators":null,"contributors":null,"locales":["gd"]},{"name":"Wikipedia (it)","description":"Wikipedia, l'enciclopedia libera","creator":null,"developers":null,"translators":null,"contributors":null,"locales":["it"]},{"name":"Vikipediya (uz)","description":"Vikipediya, ochiq ensiklopediya","creator":null,"developers":null,"translators":null,"contributors":null,"locales":["uz"]},{"name":"Wikipedia (lt)","description":"Vikipedija, laisvoji enciklopedija","creator":null,"developers":null,"translators":null,"contributors":null,"locales":["lt"]},{"name":"Wikipedia (sq)","description":"Wikipedia, enciklopedia e lirë","creator":null,"developers":null,"translators":null,"contributors":null,"locales":["sq"]},{"name":"Vicipéid (ga)","description":"Vicipéid, an Chiclipéid Shaor","creator":null,"developers":null,"translators":null,"contributors":null,"locales":["ga-IE"]},{"name":"विकिपीडिया (hi)","description":"विकिपीडिया (हिन्दी)","creator":null,"developers":null,"translators":null,"contributors":null,"locales":["hi"]},{"name":"Vikipedeja (ltg)","description":"Vikipēdija, breivuo eņciklopedeja","creator":null,"developers":null,"translators":null,"contributors":null,"locales":["ltg"]},{"name":"விக்கிப்பீடியா (ta)","description":"விக்கிப்பீடியா (ta)","creator":null,"developers":null,"translators":null,"contributors":null,"locales":["ta"]},{"name":"Vikipediya (az)","description":"Vikipediya, açıq ensiklopediya","creator":null,"developers":null,"translators":null,"contributors":null,"locales":["az"]},{"name":"Википедија (mk)","description":"Википедија, слободната енциклопедија","creator":null,"developers":null,"translators":null,"contributors":null,"locales":["mk"]},{"name":"วิกิพีเดีย","description":"วิกิพีเดีย สารานุกรมเสรี","creator":null,"developers":null,"translators":null,"contributors":null,"locales":["th"]},{"name":"Wikipedia (de)","description":"Wikipedia, die freie Enzyklopädie","creator":null,"developers":null,"translators":null,"contributors":null,"locales":["de"]},{"name":"Wikipedija (dsb)","description":"Wikipedija, lichotna encyklopedija","creator":null,"developers":null,"translators":null,"contributors":null,"locales":["dsb"]},{"name":"विकिपीडिया (mr)","description":"विकिपीडिया, मोफत माहितीकोष","creator":null,"developers":null,"translators":null,"contributors":null,"locales":["mr"]},{"name":"Wikipedia (ast)","description":"La enciclopedia llibre","creator":null,"developers":null,"translators":null,"contributors":null,"locales":["ast"]},{"name":"Wikipedia (my)","description":"အခမဲ့လွတ်လပ်စွယ်စုံကျမ်း","creator":null,"developers":null,"translators":null,"contributors":null,"locales":["my"]},{"name":"Wikipedia (rm)","description":"Vichipedia, l'enciclopedia libra","creator":null,"developers":null,"translators":null,"contributors":null,"locales":["rm"]},{"name":"Wikipedia (nn)","description":"Wikipedia, det frie oppslagsverket","creator":null,"developers":null,"translators":null,"contributors":null,"locales":["NN"]},{"name":"Wikipedia (wo)","description":"Wikipedia, Jimbulang bu Ubbeeku bi","creator":null,"developers":null,"translators":null,"contributors":null,"locales":["wo"]},{"name":"Wikipedia (gl)","description":"Wikipedia, a enciclopedia libre","creator":null,"developers":null,"translators":null,"contributors":null,"locales":["gl"]},{"name":"Viquipèdia (ca)","description":"L'enciclopèdia lliure","creator":null,"developers":null,"translators":null,"contributors":null,"locales":["ca"]},{"name":"Wikipédia (sk)","description":"Wikipédia, slobodná a otvorená encyklopédia","creator":null,"developers":null,"translators":null,"contributors":null,"locales":["sk"]},{"name":"Википедија (sr)","description":"Претрага Википедије на српском језику","creator":null,"developers":null,"translators":null,"contributors":null,"locales":["sr"]},{"name":"Wikipedia (af)","description":"Wikipedia, die vrye ensiklopedie","creator":null,"developers":null,"translators":null,"contributors":null,"locales":["af"]},{"name":"ویکی‌پدیا (fa)","description":"ویکی‌پدیا، دانشنامهٔ آزاد","creator":null,"developers":null,"translators":null,"contributors":null,"locales":["fa"]},{"name":"Wikipedia (ms)","description":"Wikipedia, ensiklopedia bebas","creator":null,"developers":null,"translators":null,"contributors":null,"locales":["ms"]},{"name":"Wikipedia (ia)","description":"Wikipedia, le encyclopedia libere","creator":null,"developers":null,"translators":null,"contributors":null,"locales":["ia"]},{"name":"Wikipedia (no)","description":"Wikipedia, den frie encyklopedi","creator":null,"developers":null,"translators":null,"contributors":null,"locales":["NO"]},{"name":"Википедия (ru)","description":"Википедия, свободная энциклопедия","creator":null,"developers":null,"translators":null,"contributors":null,"locales":["ru"]},{"name":"Wikipedia (br)","description":"Wikipedia, an holloueziadur digor","creator":null,"developers":null,"translators":null,"contributors":null,"locales":["br"]},{"name":"Wikipedia (pl)","description":"Wikipedia, wolna encyklopedia","creator":null,"developers":null,"translators":null,"contributors":null,"locales":["pl"]},{"name":"Вікіпэдыя (be-tarask)","description":"Вікіпэдыя, вольная энцыкляпэдыя","creator":null,"developers":null,"translators":null,"contributors":null,"locales":["be-tarask"]},{"name":"Wikipedia (sv)","description":"Wikipedia, den fria encyklopedin","creator":null,"developers":null,"translators":null,"contributors":null,"locales":["sv-SE"]},{"name":"ວິກິພີເດຍ (lo)","description":"ວິກິພີເດຍ, ສາລານຸກົມເສລີ","creator":null,"developers":null,"translators":null,"contributors":null,"locales":["lo"]},{"name":"Wikipedija (sl)","description":"Wikipedija, prosta enciklopedija","creator":null,"developers":null,"translators":null,"contributors":null,"locales":["sl"]},{"name":"Vikipēdija","description":"Vikipēdija, brīvā enciklopēdija","creator":null,"developers":null,"translators":null,"contributors":null,"locales":["lv"]},{"name":"Biquipedia (an)","description":"A enciclopedia Libre","creator":null,"developers":null,"translators":null,"contributors":null,"locales":["an"]}],"targetApplications":[{"id":"toolkit@mozilla.org","minVersion":null,"maxVersion":null}],"targetPlatforms":[],"signedDate":null,"seen":true,"dependencies":[],"incognito":"spanning","userPermissions":{"permissions":[],"origins":[]},"optionalPermissions":{"permissions":[],"origins":[]},"icons":{"16":"favicon.ico"},"iconURL":null,"blocklistState":0,"blocklistURL":null,"startupData":null,"hidden":true,"installTelemetryInfo":null,"recommendationState":null,"rootURI":"resource://search-extensions/wikipedia/","location":"app-builtin"},{"id":"bing@search.mozilla.org","syncGUID":"{d5220e54-615b-4393-9547-4410707b3517}","version":"1.3","type":"extension","loader":null,"updateURL":null,"optionsURL":null,"optionsType":null,"optionsBrowserStyle":true,"aboutURL":null,"defaultLocale":{"name":"Bing","description":"Microsoft Bing","creator":null,"developers":null,"translators":null,"contributors":null},"visible":true,"active":true,"userDisabled":false,"appDisabled":false,"embedderDisabled":false,"installDate":1645055139285,"applyBackgroundUpdates":1,"path":null,"skinnable":false,"sourceURI":null,"releaseNotesURI":null,"softDisabled":false,"foreignInstall":false,"strictCompatibility":true,"locales":[],"targetApplications":[{"id":"toolkit@mozilla.org","minVersion":null,"maxVersion":null}],"targetPlatforms":[],"signedDate":null,"seen":true,"dependencies":[],"incognito":"spanning","userPermissions":{"permissions":[],"origins":[]},"optionalPermissions":{"permissions":[],"origins":[]},"icons":{"16":"favicon.ico"},"iconURL":null,"blocklistState":0,"blocklistURL":null,"startupData":null,"hidden":true,"installTelemetryInfo":null,"recommendationState":null,"rootURI":"resource://search-extensions/bing/","location":"app-builtin"},{"id":"ddg@search.mozilla.org","syncGUID":"{f5104df7-58e3-4d84-bc42-7c511f29a542}","version":"1.1","type":"extension","loader":null,"updateURL":null,"optionsURL":null,"optionsType":null,"optionsBrowserStyle":true,"aboutURL":null,"defaultLocale":{"name":"DuckDuckGo","description":"Search DuckDuckGo","creator":null,"developers":null,"translators":null,"contributors":null},"visible":true,"active":true,"userDisabled":false,"appDisabled":false,"embedderDisabled":false,"installDate":1645055139318,"applyBackgroundUpdates":1,"path":null,"skinnable":false,"sourceURI":null,"releaseNotesURI":null,"softDisabled":false,"foreignInstall":false,"strictCompatibility":true,"locales":[],"targetApplications":[{"id":"toolkit@mozilla.org","minVersion":null,"maxVersion":null}],"targetPlatforms":[],"signedDate":null,"seen":true,"dependencies":[],"incognito":"spanning","userPermissions":{"permissions":[],"origins":[]},"optionalPermissions":{"permissions":[],"origins":[]},"icons":{"16":"favicon.ico"},"iconURL":null,"blocklistState":0,"blocklistURL":null,"startupData":null,"hidden":true,"installTelemetryInfo":null,"recommendationState":null,"rootURI":"resource://search-extensions/ddg/","location":"app-builtin"},{"id":"ebay@search.mozilla.org","syncGUID":"{0f52148b-08c5-4ca1-b756-1bef5ca323b8}","version":"1.3","type":"extension","loader":null,"updateURL":null,"optionsURL":null,"optionsType":null,"optionsBrowserStyle":true,"aboutURL":null,"defaultLocale":{"name":"eBay","description":"eBay - Online auctions","creator":null,"developers":null,"translators":null,"contributors":null},"visible":true,"active":true,"userDisabled":false,"appDisabled":false,"embedderDisabled":false,"installDate":1645055140535,"applyBackgroundUpdates":1,"path":null,"skinnable":false,"sourceURI":null,"releaseNotesURI":null,"softDisabled":false,"foreignInstall":false,"strictCompatibility":true,"locales":[{"name":"eBay","description":"eBay - Online auctions","creator":null,"developers":null,"translators":null,"contributors":null,"locales":["en"]},{"name":"eBay","description":"eBay - Online auctions","creator":null,"developers":null,"translators":null,"contributors":null,"locales":["ie"]},{"name":"eBay","description":"eBay - Online auctions","creator":null,"developers":null,"translators":null,"contributors":null,"locales":["uk"]},{"name":"eBay","description":"eBay - Online auctions","creator":null,"developers":null,"translators":null,"contributors":null,"locales":["it"]},{"name":"eBay","description":"eBay - Online auctions","creator":null,"developers":null,"translators":null,"contributors":null,"locales":["de"]},{"name":"eBay","description":"eBay - Online auctions","creator":null,"developers":null,"translators":null,"contributors":null,"locales":["ca"]},{"name":"eBay","description":"eBay - Online auctions","creator":null,"developers":null,"translators":null,"contributors":null,"locales":["ch"]},{"name":"eBay","description":"eBay - Online auctions","creator":null,"developers":null,"translators":null,"contributors":null,"locales":["at"]},{"name":"eBay","description":"eBay - Online auctions","creator":null,"developers":null,"translators":null,"contributors":null,"locales":["au"]},{"name":"eBay","description":"eBay - Online auctions","creator":null,"developers":null,"translators":null,"contributors":null,"locales":["be"]},{"name":"eBay","description":"eBay - Online auctions","creator":null,"developers":null,"translators":null,"contributors":null,"locales":["es"]},{"name":"eBay","description":"eBay - Online auctions","creator":null,"developers":null,"translators":null,"contributors":null,"locales":["nl"]},{"name":"eBay","description":"eBay - Online auctions","creator":null,"developers":null,"translators":null,"contributors":null,"locales":["fr"]}],"targetApplications":[{"id":"toolkit@mozilla.org","minVersion":null,"maxVersion":null}],"targetPlatforms":[],"signedDate":null,"seen":true,"dependencies":[],"incognito":"spanning","userPermissions":{"permissions":[],"origins":[]},"optionalPermissions":{"permissions":[],"origins":[]},"icons":{"16":"favicon.ico"},"iconURL":null,"blocklistState":0,"blocklistURL":null,"startupData":null,"hidden":true,"installTelemetryInfo":null,"recommendationState":null,"rootURI":"resource://search-extensions/ebay/","location":"app-builtin"},{"id":"proxy-failover@mozilla.com","syncGUID":"{976d9593-35cd-46b2-819a-ec54611f6e91}","version":"1.0.1","type":"extension","loader":null,"updateURL":null,"optionsURL":null,"optionsType":null,"optionsBrowserStyle":true,"aboutURL":null,"defaultLocale":{"name":"Proxy Failover","description":"Direct Failover for system requests.","creator":null,"developers":null,"translators":null,"contributors":null},"visible":true,"active":true,"userDisabled":false,"appDisabled":false,"embedderDisabled":false,"installDate":1645055767639,"updateDate":1645055767639,"applyBackgroundUpdates":1,"path":"/root/.mozilla/firefox/u4lmkm73.F1(51-60)/features/{b9952d27-8a05-4fc6-9c04-96126838e949}/proxy-failover@mozilla.com.xpi","skinnable":false,"sourceURI":"file:///tmp/tmpaddon-740d02","releaseNotesURI":null,"softDisabled":false,"foreignInstall":false,"strictCompatibility":true,"locales":[],"targetApplications":[{"id":"toolkit@mozilla.org","minVersion":"78.0","maxVersion":"100.0"}],"targetPlatforms":[],"signedState":3,"signedDate":1633023050000,"seen":true,"dependencies":[],"incognito":"spanning","userPermissions":{"permissions":[],"origins":[]},"optionalPermissions":{"permissions":[],"origins":[]},"icons":{},"iconURL":null,"blocklistState":0,"blocklistURL":null,"startupData":null,"hidden":true,"installTelemetryInfo":null,"recommendationState":null,"rootURI":"jar:file:///root/.mozilla/firefox/u4lmkm73.F1(51-60)/features/%7Bb9952d27-8a05-4fc6-9c04-96126838e949%7D/proxy-failover@mozilla.com.xpi!/","location":"app-system-addons"}]}